season_id,fixture_id,gw,team_h,team_a,h_fdr,a_fdr,h_fdr_final,a_fdr_final
9,1,1,7,1,3,2,4,2
9,2,1,3,2,2,2,2,2
9,3,1,8,6,4,2,3,2
9,4,1,9,12,5,2,4,2
9,5,1,11,20,2,2,2,2
9,6,1,10,4,2,4,3,3
9,7,1,15,16,2,3,2,4
9,8,1,18,17,2,4,2,4
9,9,1,14,5,2,4,3,4
9,10,1,19,13,5,3,5,3
9,11,2,1,10,3,4,3,4
9,12,2,2,8,2,2,2,2
9,13,2,4,14,3,2,3,3
9,14,2,5,15,3,2,3,3
9,15,2,6,18,3,4,3,4
9,16,2,12,7,2,5,2,4
9,17,2,13,3,2,5,2,5
9,18,2,16,19,3,2,2,2
9,19,2,17,11,2,2,2,2
9,20,2,20,9,2,2,2,2
9,21,3,3,1,3,2,4,2
9,22,3,7,2,2,2,2,2
9,23,3,8,16,2,2,2,2
9,24,3,9,4,2,2,3,2
9,25,3,11,6,4,2,3,2
9,26,3,10,17,2,4,2,3
9,27,3,14,12,5,4,4,4
9,28,3,15,13,5,3,5,4
9,29,3,18,20,2,4,2,4
9,30,3,19,5,2,3,3,3
9,31,4,1,9,2,4,2,4
9,32,4,2,19,3,2,2,2
9,33,4,4,8,2,2,2,3
9,34,4,5,11,2,2,2,3
9,35,4,6,10,3,4,3,4
9,36,4,12,3,2,5,2,4
9,37,4,13,7,2,5,2,5
9,38,4,16,18,3,2,3,2
9,39,4,17,14,3,2,3,2
9,40,4,20,15,3,2,3,2
9,41,5,1,2,2,4,2,4
9,42,5,3,20,2,2,2,2
9,43,5,7,4,2,2,3,2
9,44,5,9,5,2,2,3,2
9,45,5,11,8,2,2,2,2
9,46,5,10,14,3,4,3,3
9,47,5,19,18,3,3,3,3
9,48,5,12,15,3,5,3,4
9,49,5,13,16,2,5,2,5
9,50,5,17,6,4,2,3,2
9,51,6,2,13,5,2,5,2
9,52,6,4,11,2,2,2,3
9,53,6,5,10,3,2,3,3
9,54,6,6,19,3,4,2,4
9,55,6,8,12,5,2,4,2
9,56,6,14,1,3,4,4,4
9,57,6,15,7,2,3,2,4
9,58,6,16,3,2,2,2,2
9,59,6,18,9,2,4,2,4
9,60,6,20,17,2,2,2,2
9,61,25,1,8,2,4,2,4
9,62,29,3,5,3,2,3,2
9,63,20,7,14,3,3,3,2
9,64,19,9,6,3,2,3,2
9,65,29,11,16,2,2,2,2
9,66,29,10,2,2,3,2,3
9,67,25,12,20,2,4,2,4
9,68,20,13,18,3,5,3,5
9,69,27,17,4,3,2,3,2
9,70,29,19,15,3,3,3,3
9,71,8,2,17,2,2,2,2
9,72,8,4,1,3,3,4,3
9,73,27,5,7,2,3,2,3
9,74,29,6,12,4,4,4,4
9,75,8,8,19,2,2,2,2
9,76,22,14,11,2,4,2,4
9,77,8,15,3,2,3,2,4
9,78,8,16,9,2,2,2,2
9,79,8,18,10,2,4,3,4
9,80,8,20,13,5,2,5,2
9,81,9,1,18,3,4,3,4
9,82,9,3,4,2,2,3,2
9,83,9,7,6,3,3,3,2
9,84,9,9,15,3,2,3,2
9,85,9,11,2,2,2,2,2
9,86,9,10,16,2,2,2,3
9,87,9,12,5,3,5,3,4
9,88,9,13,14,3,5,3,5
9,89,9,17,8,2,2,2,2
9,90,9,19,20,2,3,2,3
9,91,10,1,12,4,4,4,4
9,92,10,3,10,2,2,3,2
9,93,10,5,18,3,3,3,3
9,94,10,6,20,2,4,2,4
9,95,10,7,11,2,3,2,2
9,96,10,8,14,3,2,3,2
9,97,10,13,17,2,5,2,5
9,98,10,15,4,2,3,3,4
9,99,10,16,2,2,2,2,2
9,100,10,19,9,2,3,2,3
9,101,11,2,6,3,2,3,2
9,102,11,4,5,3,3,3,3
9,103,11,9,3,2,2,2,2
9,104,11,11,1,3,2,4,2
9,105,11,10,7,2,2,2,3
9,106,11,12,13,5,5,5,4
9,107,11,14,15,3,4,3,4
9,108,11,17,19,2,2,2,2
9,109,11,18,8,2,4,2,4
9,110,11,20,16,2,2,2,2
9,111,23,1,13,5,4,5,4
9,112,12,3,17,2,2,2,2
9,113,12,4,6,3,3,3,3
9,114,12,5,16,2,3,2,3
9,115,12,7,20,2,3,2,2
9,116,12,9,2,2,2,2,2
9,117,12,10,11,2,2,2,3
9,118,12,12,19,2,5,2,4
9,119,12,14,18,3,4,3,4
9,120,12,15,8,2,3,2,4
9,121,13,2,4,2,2,3,2
9,122,13,6,14,3,4,3,4
9,123,13,8,7,2,2,2,2
9,124,13,11,9,2,2,2,2
9,125,13,13,5,3,5,3,5
9,126,13,16,12,4,2,4,2
9,127,13,17,1,3,2,4,2
9,128,13,18,15,3,4,3,4
9,129,13,19,3,2,3,2,3
9,130,13,20,10,2,2,3,2
9,131,14,1,16,2,4,2,4
9,132,14,3,18,3,2,3,2
9,133,14,4,20,2,3,2,3
9,134,14,5,6,3,3,3,3
9,135,14,7,17,2,3,2,2
9,136,14,9,8,2,2,2,2
9,137,14,10,13,5,2,5,3
9,138,14,12,11,2,5,2,4
9,139,14,14,19,2,4,2,4
9,140,14,15,2,2,3,2,4
9,141,15,2,14,3,2,3,2
9,142,15,6,1,3,4,4,4
9,143,15,8,10,2,2,3,2
9,144,15,11,3,2,2,2,2
9,145,15,13,9,2,5,2,5
9,146,15,16,4,2,2,3,2
9,147,15,17,15,3,2,3,2
9,148,15,18,12,4,4,4,4
9,149,15,19,7,2,3,2,3
9,150,15,20,5,3,2,3,2
9,151,16,3,8,2,2,2,2
9,152,16,5,2,2,3,2,3
9,153,16,9,14,3,2,3,2
9,154,16,12,17,2,5,2,4
9,155,16,13,4,2,5,3,5
9,156,16,15,6,3,3,3,4
9,157,16,16,7,2,2,2,2
9,158,16,18,11,2,4,2,4
9,159,16,19,10,2,3,3,3
9,160,16,20,1,3,2,4,2
9,161,17,1,19,2,4,2,4
9,162,17,2,12,4,2,4,2
9,163,17,4,18,3,3,3,3
9,164,17,6,3,2,4,2,4
9,165,17,7,9,2,3,2,2
9,166,17,8,20,2,2,2,2
9,167,17,11,13,5,2,5,2
9,168,17,10,15,3,2,3,3
9,169,17,14,16,2,4,2,4
9,170,17,17,5,3,2,3,2
9,171,18,3,7,2,2,2,2
9,172,18,5,1,4,3,4,3
9,173,18,9,17,2,2,2,2
9,174,18,12,10,3,5,3,4
9,175,18,13,8,2,5,2,5
9,176,18,15,11,2,3,2,4
9,177,18,16,6,3,2,3,2
9,178,18,18,2,2,4,2,4
9,179,18,19,4,2,3,3,3
9,180,18,20,14,3,2,3,2
9,181,19,1,15,3,4,3,4
9,182,19,2,20,2,2,2,2
9,183,19,4,12,4,3,4,3
9,184,19,6,13,5,4,5,4
9,185,19,7,18,3,3,3,2
9,186,19,8,5,3,2,3,2
9,187,19,11,19,2,2,2,2
9,188,19,10,9,2,3,2,3
9,189,19,14,3,2,4,2,4
9,190,19,17,16,2,2,2,2
9,191,20,2,11,2,2,2,2
9,192,20,4,3,2,3,2,3
9,193,20,5,12,4,3,4,3
9,194,20,6,7,2,4,2,4
9,195,20,8,17,2,2,2,2
9,196,20,14,13,5,4,5,4
9,197,20,15,9,2,3,2,4
9,198,20,16,10,3,2,3,2
9,199,20,18,1,4,4,4,4
9,200,20,20,19,2,2,2,2
9,201,21,1,14,3,4,3,4
9,202,21,3,16,2,2,2,2
9,203,21,7,15,3,3,3,2
9,204,21,9,18,3,2,3,2
9,205,21,11,4,2,2,3,2
9,206,21,10,5,3,3,3,3
9,207,21,12,6,3,5,3,4
9,208,21,13,20,2,5,2,5
9,209,21,17,2,2,2,2,2
9,210,21,19,8,2,3,2,3
9,211,22,2,10,3,2,3,2
9,212,22,4,17,2,3,2,3
9,213,22,5,3,2,3,2,3
9,214,22,6,9,2,4,2,4
9,215,22,8,1,4,2,4,2
9,216,22,14,7,2,4,2,4
9,217,22,15,19,2,3,2,4
9,218,22,16,11,2,2,2,2
9,219,22,18,13,5,4,5,4
9,220,22,20,12,4,2,4,2
9,221,23,1,4,2,4,3,4
9,222,23,3,15,3,2,3,2
9,223,23,7,5,3,3,3,2
9,224,23,9,16,2,2,2,2
9,225,23,11,14,3,2,3,2
9,226,23,10,18,3,3,3,3
9,227,23,12,8,2,5,2,4
9,228,23,13,2,2,5,2,5
9,229,23,17,20,2,2,2,2
9,230,23,19,6,3,3,3,3
9,231,24,2,1,4,2,4,2
9,232,24,4,7,2,3,2,3
9,233,24,5,9,2,3,2,3
9,234,24,6,17,2,4,2,4
9,235,24,8,11,2,2,2,2
9,236,24,14,10,3,4,3,4
9,237,24,15,12,4,4,4,4
9,238,24,16,13,5,2,5,2
9,239,24,18,19,2,4,2,4
9,240,24,20,3,2,2,2,2
9,241,25,3,13,5,2,5,2
9,242,25,7,12,4,2,4,2
9,243,25,8,2,2,2,2,2
9,244,25,9,20,2,2,2,2
9,245,25,11,17,2,2,2,2
9,246,25,10,1,4,3,4,3
9,247,29,14,4,3,4,3,4
9,248,36,15,5,3,4,3,4
9,249,25,18,6,3,4,3,4
9,250,25,19,16,2,3,2,3
9,251,26,1,3,2,4,2,4
9,252,26,2,7,2,2,2,2
9,253,26,4,9,2,3,2,3
9,254,26,5,19,2,3,2,3
9,255,26,6,11,2,4,2,4
9,256,26,12,14,3,4,3,4
9,257,26,13,15,3,5,3,5
9,258,26,16,8,2,2,2,2
9,259,26,17,10,3,2,3,2
9,260,26,20,18,3,2,3,2
9,261,27,3,12,4,2,4,2
9,262,27,7,13,5,2,5,2
9,263,27,8,4,3,2,3,2
9,264,27,9,1,4,2,4,2
9,265,27,11,5,3,2,3,2
9,266,27,10,6,3,3,3,3
9,267,27,14,17,2,4,2,4
9,268,27,15,20,2,4,2,4
9,269,27,18,16,2,4,2,4
9,270,27,19,2,2,3,2,3
9,271,28,1,7,2,4,2,4
9,272,28,2,3,2,2,2,2
9,273,28,4,10,3,3,3,3
9,274,34,5,14,3,3,3,3
9,275,28,6,8,2,4,2,4
9,276,34,12,9,2,4,2,4
9,277,34,13,19,2,5,2,5
9,278,28,16,15,3,2,3,2
9,279,28,17,18,3,2,3,2
9,280,28,20,11,2,2,2,2
9,281,29,1,11,2,4,2,4
9,282,29,3,9,2,2,2,2
9,283,29,5,4,3,3,3,3
9,284,29,6,2,2,4,2,4
9,285,29,7,10,3,2,3,2
9,286,29,8,18,3,2,3,2
9,287,29,13,12,4,5,4,5
9,288,29,15,14,3,4,3,4
9,289,29,16,20,2,2,2,2
9,290,29,19,17,2,3,2,3
9,291,30,2,16,2,2,2,2
9,292,30,4,15,3,3,3,3
9,293,30,9,19,2,2,2,2
9,294,30,11,7,2,2,2,2
9,295,30,10,3,2,3,2,3
9,296,30,12,1,4,4,4,4
9,297,30,14,8,2,4,2,4
9,298,30,17,13,5,2,5,2
9,299,30,18,5,3,4,3,4
9,300,30,20,6,3,2,3,2
9,301,31,2,15,3,2,3,2
9,302,31,6,5,3,4,3,4
9,303,31,8,9,2,2,2,2
9,304,31,11,12,4,2,4,2
9,305,31,13,10,3,5,3,5
9,306,31,16,14,3,2,3,2
9,307,31,17,7,2,2,2,2
9,308,31,18,3,2,4,2,4
9,309,31,19,1,4,3,4,3
9,310,31,20,4,3,2,3,2
9,311,32,1,17,2,4,2,4
9,312,32,3,19,2,2,2,2
9,313,32,4,2,2,3,2,3
9,314,37,5,13,5,3,5,3
9,315,32,7,8,2,2,2,2
9,316,32,9,11,2,2,2,2
9,317,32,10,20,2,3,2,3
9,318,32,12,16,2,4,2,4
9,319,37,14,6,3,4,3,4
9,320,32,15,18,3,4,3,4
9,321,33,2,9,2,2,2,2
9,322,33,8,15,3,2,3,2
9,323,33,11,10,3,2,3,2
9,324,33,16,5,3,2,3,2
9,325,33,18,14,3,4,3,4
9,326,33,19,12,4,3,4,3
9,327,33,20,7,2,2,2,2
9,328,33,6,4,3,4,3,4
9,329,33,13,1,4,5,4,5
9,330,33,17,3,2,2,2,2
9,331,34,1,6,3,4,3,4
9,332,34,3,11,2,2,2,2
9,333,34,4,16,2,3,2,3
9,334,34,5,20,2,3,2,3
9,335,34,7,19,2,2,2,2
9,336,34,9,13,5,2,5,2
9,337,34,10,8,2,3,2,3
9,338,34,12,18,3,4,3,4
9,339,34,14,2,2,4,2,4
9,340,34,15,17,2,4,2,4
9,341,35,3,6,3,2,3,2
9,342,35,5,8,2,3,2,3
9,343,35,9,10,3,2,3,2
9,344,35,12,4,3,4,3,4
9,345,35,13,11,2,5,2,5
9,346,35,15,1,4,4,4,4
9,347,35,16,17,2,2,2,2
9,348,35,18,7,2,4,2,4
9,349,35,19,14,3,3,3,3
9,350,35,20,2,2,2,2,2
9,351,36,1,5,3,4,3,4
9,352,36,2,18,3,2,3,2
9,353,36,4,19,2,3,2,3
9,354,36,6,16,2,4,2,4
9,355,36,7,3,2,2,2,2
9,356,36,8,13,5,2,5,2
9,357,36,11,15,3,2,3,2
9,358,36,10,12,4,3,4,3
9,359,36,14,20,2,4,2,4
9,360,36,17,9,2,2,2,2
9,361,37,3,14,3,2,3,2
9,362,37,5,17,2,3,2,3
9,363,37,9,7,2,2,2,2
9,364,37,12,2,2,4,2,4
9,365,37,13,6,3,5,3,5
9,366,37,15,10,3,4,3,4
9,367,37,16,1,4,2,4,2
9,368,37,18,4,3,4,3,4
9,369,37,19,11,2,3,2,3
9,370,37,20,8,2,2,2,2
9,371,38,1,20,2,4,2,4
9,372,38,2,5,3,2,3,2
9,373,38,4,13,5,3,5,3
9,374,38,6,15,3,4,3,4
9,375,38,7,16,2,2,2,2
9,376,38,8,3,2,2,2,2
9,377,38,11,18,3,2,3,2
9,378,38,10,19,2,3,2,3
9,379,38,14,9,2,4,2,4
9,380,38,17,12,4,2,4,2
10,1,1,6,13,5,2,5,2
10,2,1,1,16,2,4,2,5
10,3,1,3,19,2,2,2,2
10,4,1,5,12,2,3,2,3
10,5,1,9,10,2,2,2,2
10,6,1,15,2,3,4,3,4
10,7,1,17,8,2,2,2,2
10,8,1,4,18,3,3,3,2
10,9,1,7,11,4,3,4,3
10,10,1,14,20,2,4,2,4
10,11,2,2,9,2,3,2,4
10,12,2,8,1,4,2,5,2
10,13,2,10,4,3,2,2,3
10,14,2,11,3,2,4,2,5
10,15,7,12,6,2,2,2,2
10,16,2,13,15,4,5,3,5
10,17,2,16,17,2,2,2,2
10,18,2,18,14,3,3,3,4
10,19,2,19,7,3,3,3,3
10,20,2,20,5,3,2,2,2
10,21,3,1,10,2,4,2,5
10,22,3,3,18,3,2,3,2
10,23,3,4,8,2,3,2,2
10,24,3,5,19,2,3,2,3
10,25,3,6,2,3,2,3,2
10,26,3,7,12,2,3,2,3
10,27,3,9,20,2,2,2,2
10,28,3,14,16,2,4,2,4
10,29,3,15,11,4,4,4,4
10,30,3,17,13,5,2,5,2
10,31,4,1,14,3,4,3,5
10,32,4,4,3,2,3,2,2
10,33,4,5,15,4,3,3,3
10,34,4,6,18,3,2,3,2
10,35,4,7,16,2,3,2,3
10,36,4,8,20,2,2,2,2
10,37,4,11,2,3,4,3,5
10,38,4,12,19,2,2,2,2
10,39,4,13,10,2,5,2,5
10,40,4,17,9,2,2,2,2
10,41,5,2,8,2,3,2,4
10,42,5,3,7,3,2,3,2
10,43,5,9,1,4,2,5,2
10,44,5,10,12,2,2,2,3
10,45,5,14,5,3,4,2,4
10,46,5,15,4,3,4,2,4
10,47,5,16,6,2,2,2,2
10,48,5,18,17,2,3,2,4
10,49,5,19,13,5,3,5,3
10,50,5,20,11,4,2,4,2
10,51,6,1,18,3,4,3,5
10,52,6,4,9,2,3,2,2
10,53,6,5,3,2,3,2,3
10,54,6,6,14,3,2,3,2
10,55,6,7,2,3,3,3,3
10,56,6,8,10,2,2,2,2
10,57,6,11,19,2,4,2,5
10,58,6,12,20,2,2,2,2
10,59,6,13,16,2,5,2,5
10,60,6,17,15,4,2,3,2
10,61,7,2,5,3,3,2,4
10,62,7,3,1,4,2,5,2
10,63,7,9,12,2,2,2,2
10,64,7,10,7,3,2,3,3
10,65,7,14,8,2,4,2,4
10,66,7,15,6,2,4,2,4
10,67,7,16,4,3,2,2,2
10,68,7,18,11,4,3,4,4
10,69,7,19,17,2,3,2,3
10,70,7,20,13,5,2,5,2
10,71,8,1,13,5,4,5,5
10,72,8,5,11,4,3,4,3
10,73,8,6,7,3,2,3,2
10,74,8,8,16,2,2,2,2
10,75,8,9,3,2,2,2,2
10,76,8,10,17,2,2,2,3
10,77,8,12,18,3,2,3,2
10,78,8,14,4,3,4,2,4
10,79,8,19,15,4,3,3,3
10,80,8,20,2,3,2,3,2
10,81,9,2,19,2,3,2,4
10,82,9,3,20,2,2,2,2
10,83,9,4,6,2,3,2,2
10,84,9,7,1,4,3,5,3
10,85,9,11,9,2,4,2,5
10,86,9,13,5,3,5,2,5
10,87,9,15,8,2,4,2,4
10,88,9,16,12,2,2,2,2
10,89,9,17,14,3,2,3,2
10,90,9,18,10,2,3,2,4
10,91,10,1,17,2,4,2,5
10,92,10,2,12,2,3,2,4
10,93,10,3,6,2,2,2,2
10,94,10,5,10,2,3,2,3
10,95,10,7,4,3,3,2,3
10,96,10,8,18,3,2,3,2
10,97,10,11,16,2,4,2,5
10,98,10,14,13,5,4,5,4
10,99,10,19,9,2,3,2,3
10,100,10,20,15,4,2,3,2
10,101,11,4,19,2,3,2,2
10,102,11,6,8,2,2,2,2
10,103,11,9,5,3,2,2,2
10,104,11,10,14,3,2,3,3
10,105,11,12,11,4,2,4,2
10,106,11,13,3,2,5,2,5
10,107,11,15,1,4,4,5,4
10,108,11,16,2,3,2,3,2
10,109,11,17,20,2,2,2,2
10,110,11,18,7,3,3,3,4
10,111,12,1,6,2,4,2,5
10,112,12,2,10,2,3,2,4
10,113,12,3,15,4,2,3,2
10,114,12,5,17,2,3,2,3
10,115,12,7,13,5,3,5,3
10,116,12,8,9,2,2,2,2
10,117,12,11,4,3,4,2,5
10,118,12,14,12,2,4,2,4
10,119,12,19,16,2,3,2,3
10,120,12,20,18,3,2,3,2
10,121,13,4,1,4,3,5,2
10,122,13,6,19,2,2,2,2
10,123,13,9,14,3,2,3,2
10,124,13,10,20,2,2,2,3
10,125,13,12,8,2,2,2,2
10,126,13,13,11,4,5,4,5
10,127,13,15,7,3,4,3,4
10,128,13,16,5,3,2,2,2
10,129,13,17,3,2,2,2,2
10,130,13,18,2,3,3,3,4
10,131,14,1,20,2,4,2,5
10,132,14,3,2,3,2,3,2
10,133,14,4,12,2,3,2,2
10,134,14,6,17,2,2,2,2
10,135,14,7,5,3,3,2,3
10,136,14,11,10,2,4,2,5
10,137,14,13,18,3,5,3,5
10,138,14,15,14,3,4,3,4
10,139,14,16,9,2,2,2,2
10,140,14,19,8,2,3,2,3
10,141,15,2,13,5,3,5,4
10,142,15,5,4,3,3,2,3
10,143,15,8,3,2,2,2,2
10,144,15,9,15,4,2,3,2
10,145,15,10,16,2,2,2,3
10,146,15,12,1,4,2,5,2
10,147,15,17,11,4,2,4,2
10,148,15,18,19,2,3,2,4
10,149,15,20,6,2,2,2,2
10,150,15,14,7,3,4,3,4
10,151,16,2,1,4,3,5,4
10,152,16,5,6,2,3,2,3
10,153,16,8,11,4,2,4,2
10,154,16,9,7,3,2,3,2
10,155,16,10,19,2,2,2,3
10,156,16,12,13,5,2,5,2
10,157,16,14,3,2,4,2,4
10,158,16,17,4,3,2,2,2
10,159,16,18,15,4,3,3,4
10,160,16,20,16,2,2,2,2
10,161,17,1,5,3,4,2,5
10,162,28,3,12,2,2,2,2
10,163,17,4,2,3,3,3,2
10,164,17,6,9,2,2,2,2
10,165,17,7,17,2,3,2,3
10,166,17,11,14,3,4,3,5
10,167,17,13,8,2,5,2,5
10,168,17,15,10,2,4,2,4
10,169,17,16,18,3,2,3,2
10,170,17,19,20,2,3,2,3
10,171,18,2,17,2,3,2,4
10,172,18,8,5,3,2,2,2
10,173,18,10,6,2,2,2,3
10,174,18,11,1,4,4,5,5
10,175,18,12,15,4,2,3,2
10,176,25,13,4,3,5,2,5
10,177,18,16,3,2,2,2,2
10,178,18,18,9,2,3,2,4
10,179,18,19,14,3,3,3,3
10,180,18,20,7,3,2,3,2
10,181,19,1,19,2,4,2,5
10,182,19,3,10,2,2,2,2
10,183,19,4,20,2,3,2,2
10,184,19,5,18,3,3,3,3
10,185,19,6,11,4,2,4,2
10,186,19,7,8,2,3,2,3
10,187,19,9,13,5,2,5,2
10,188,19,14,2,3,4,3,4
10,189,19,15,16,2,4,2,4
10,190,19,17,12,2,2,2,2
10,191,20,2,6,2,3,2,4
10,192,20,8,4,3,2,2,2
10,193,20,10,1,4,2,5,3
10,194,20,11,15,4,4,3,5
10,195,20,12,7,3,2,3,2
10,196,20,13,17,2,5,2,5
10,197,20,16,14,3,2,3,2
10,198,20,18,3,2,3,2,4
10,199,20,19,5,3,3,2,3
10,200,20,20,9,2,2,2,2
10,201,21,1,8,2,4,2,5
10,202,21,3,11,4,2,4,2
10,203,21,4,16,2,3,2,2
10,204,21,5,20,2,3,2,3
10,205,21,6,12,2,2,2,2
10,206,21,7,10,2,3,2,3
10,207,21,9,2,3,2,3,2
10,208,21,14,18,3,4,3,4
10,209,21,15,13,5,4,5,4
10,210,21,17,19,2,2,2,2
10,211,22,2,15,3,4,3,4
10,212,22,8,17,2,2,2,2
10,213,22,10,9,2,2,2,3
10,214,22,12,5,3,2,2,2
10,215,22,16,1,4,2,5,2
10,216,22,18,4,3,3,2,4
10,217,22,19,3,2,3,2,3
10,218,22,20,14,3,2,3,2
10,219,22,11,7,3,5,3,5
10,220,22,13,6,2,5,2,5
10,221,23,1,11,4,4,4,5
10,222,23,3,16,2,2,2,2
10,223,23,4,13,5,3,5,2
10,224,23,5,8,2,3,2,3
10,225,23,6,10,2,2,2,2
10,226,23,7,20,2,3,2,3
10,227,23,9,18,3,2,3,2
10,228,23,14,19,2,4,2,4
10,229,23,15,12,2,4,2,4
10,230,23,17,2,3,2,3,2
10,231,24,2,14,3,4,3,4
10,232,24,8,7,3,2,3,2
10,233,24,10,3,2,2,2,3
10,234,24,11,6,2,5,2,5
10,235,24,12,17,2,2,2,2
10,236,24,13,9,2,5,2,5
10,237,24,16,15,3,2,3,2
10,238,24,18,5,3,3,2,4
10,239,24,19,1,4,3,5,3
10,240,24,20,4,3,2,2,2
10,241,25,4,11,4,3,4,2
10,242,25,6,1,4,2,5,2
10,243,25,9,8,2,2,2,2
10,244,25,10,2,3,2,3,3
10,245,25,12,14,3,2,3,2
10,246,25,13,7,3,5,3,5
10,247,25,15,3,2,4,2,4
10,248,25,16,19,2,2,2,2
10,249,25,17,5,3,2,2,2
10,250,25,18,20,2,3,2,4
10,251,26,1,15,3,4,3,5
10,252,26,2,16,2,4,2,4
10,253,26,3,13,5,2,5,2
10,254,26,5,9,2,3,2,3
10,255,35,7,18,3,3,3,3
10,256,26,8,6,2,2,2,2
10,257,25,11,12,2,5,2,5
10,258,26,14,10,2,4,2,4
10,259,26,19,4,3,3,2,3
10,260,26,20,17,2,2,2,2
10,261,27,4,7,3,3,3,2
10,262,27,6,3,2,2,2,2
10,263,27,9,19,2,2,2,2
10,264,27,10,5,3,2,2,3
10,265,27,12,2,3,2,3,2
10,266,27,13,14,3,5,3,5
10,267,27,15,20,2,4,2,4
10,268,27,16,11,4,2,4,2
10,269,27,17,1,4,2,5,2
10,270,27,18,8,2,3,2,4
10,271,28,1,4,2,5,2,5
10,272,28,2,18,3,4,3,4
10,273,28,3,17,2,2,2,2
10,274,28,5,16,2,3,2,3
10,275,28,7,15,3,3,3,3
10,276,28,8,12,2,2,2,2
10,277,28,11,13,5,5,5,5
10,278,28,14,9,2,4,2,4
10,279,28,19,6,2,3,2,3
10,280,28,20,10,2,2,2,2
10,281,34,1,7,3,5,3,5
10,282,34,5,13,5,3,5,3
10,283,29,6,4,2,2,2,2
10,284,34,8,15,3,2,3,2
10,285,34,9,11,4,2,4,2
10,286,29,10,18,3,3,3,3
10,287,29,12,16,2,2,2,2
10,288,34,14,17,2,4,2,4
10,289,29,19,2,3,3,3,3
10,290,34,20,3,2,2,2,2
10,291,30,2,20,2,4,2,4
10,292,30,3,9,2,2,2,2
10,293,30,4,14,3,2,3,2
10,294,30,7,6,2,3,2,3
10,295,30,11,5,2,5,2,5
10,296,30,13,1,5,5,5,5
10,297,30,15,19,2,4,2,4
10,298,30,16,8,2,2,2,2
10,299,30,17,10,2,2,2,2
10,300,30,18,12,2,4,2,4
10,301,31,1,12,2,5,2,5
10,302,31,3,8,2,2,2,2
10,303,31,4,5,2,2,2,2
10,304,31,6,20,2,2,2,2
10,305,31,16,10,2,2,2,2
10,306,31,19,18,3,3,3,3
10,307,31,7,14,3,3,3,3
10,308,31,11,17,2,5,2,5
10,309,31,13,2,3,5,3,5
10,310,31,15,9,2,4,2,4
10,311,32,2,4,2,4,2,4
10,312,32,5,1,5,3,5,3
10,313,32,8,13,5,2,5,2
10,314,32,9,6,2,2,2,2
10,315,32,10,15,3,3,3,3
10,316,32,12,3,2,2,2,2
10,317,32,14,11,4,4,4,4
10,318,32,17,7,3,2,3,2
10,319,32,18,16,2,4,2,4
10,320,32,20,19,2,2,2,2
10,321,33,1,2,3,5,3,5
10,322,33,3,14,3,2,3,2
10,323,33,4,17,2,2,2,2
10,324,33,6,5,2,2,2,2
10,325,33,7,9,2,3,2,3
10,326,33,11,8,2,5,2,5
10,327,33,13,12,2,5,2,5
10,328,33,15,18,3,4,3,4
10,329,33,16,20,2,2,2,2
10,330,33,19,10,2,3,2,3
10,331,34,2,3,2,4,2,4
10,332,37,5,7,3,3,3,3
10,333,34,8,19,2,2,2,2
10,334,34,9,16,2,2,2,2
10,335,34,10,11,4,3,4,3
10,336,34,12,4,2,2,2,2
10,337,37,14,15,3,4,3,4
10,338,34,17,6,2,2,2,2
10,339,37,18,13,5,4,5,4
10,340,34,20,1,5,2,5,2
10,341,35,2,7,3,4,3,4
10,342,35,3,5,2,2,2,2
10,343,35,9,4,2,2,2,2
10,344,35,10,8,2,3,2,3
10,345,35,14,6,2,4,2,4
10,346,35,15,17,2,4,2,4
10,347,35,16,13,5,2,5,2
10,348,35,18,1,5,4,5,4
10,349,35,19,11,4,3,4,3
10,350,35,20,12,2,2,2,2
10,351,36,1,3,2,5,2,5
10,352,36,4,10,2,2,2,2
10,353,36,5,2,3,3,3,3
10,354,36,6,15,3,2,3,2
10,355,36,7,19,2,3,2,3
10,356,36,8,14,3,2,3,2
10,357,36,11,18,3,5,3,5
10,358,36,12,9,2,2,2,2
10,359,36,13,20,2,5,2,5
10,360,36,17,16,2,2,2,2
10,361,37,2,11,4,4,4,4
10,362,37,3,4,2,2,2,2
10,363,37,9,17,2,2,2,2
10,364,37,10,13,5,3,5,3
10,365,37,14,1,5,4,5,4
10,366,37,15,5,2,4,2,4
10,367,37,16,7,3,2,3,2
10,368,37,18,6,2,4,2,4
10,369,37,19,12,2,3,2,3
10,370,37,20,8,2,2,2,2
10,371,38,1,9,2,5,2,5
10,372,38,4,15,3,2,3,2
10,373,38,5,14,3,3,3,3
10,374,38,6,16,2,2,2,2
10,375,38,7,3,2,3,2,3
10,376,38,8,2,3,2,3,2
10,377,38,11,20,2,5,2,5
10,378,38,12,10,2,2,2,2
10,379,38,13,19,2,5,2,5
10,380,38,17,18,3,2,3,2
11,1,1,14,9,2,3,3,3
11,2,1,1,20,2,5,3,5
11,3,1,8,5,2,3,3,3
11,4,1,10,12,4,2,5,2
11,5,1,15,17,2,4,1,4
11,6,1,16,3,2,2,3,4
11,7,1,19,2,3,2,3,2
11,8,1,4,7,2,2,3,3
11,9,1,6,13,5,4,4,4
11,10,1,11,18,3,2,2,1
11,11,2,2,1,5,4,5,4
11,12,2,3,15,3,2,4,3
11,13,2,5,14,3,2,2,3
11,14,2,7,19,2,3,2,3
11,15,2,9,11,2,3,1,3
11,16,2,12,4,2,5,3,5
11,17,2,13,10,2,5,2,4
11,18,2,17,16,2,2,4,1
11,19,2,18,8,2,4,3,3
11,20,2,20,6,3,2,3,3
11,21,3,1,5,2,5,3,5
11,22,3,4,17,2,2,1,3
11,23,3,6,7,2,4,3,4
11,24,3,8,3,2,3,3,3
11,25,3,10,9,2,2,3,2
11,26,3,11,2,3,2,3,1
11,27,3,14,12,4,3,5,3
11,28,3,15,18,3,4,2,4
11,29,3,16,20,2,2,3,4
11,30,3,19,13,5,2,4,2
11,31,4,2,8,2,4,3,4
11,32,4,3,6,3,2,3,3
11,33,4,5,10,2,2,2,3
11,34,4,7,11,2,3,1,3
11,35,4,9,19,2,3,2,3
11,36,4,12,16,2,5,4,5
11,37,4,13,4,2,5,3,4
11,38,4,17,14,3,2,2,1
11,39,4,18,1,5,4,5,3
11,40,4,20,15,3,2,4,3
11,41,5,2,20,2,4,3,4
11,42,5,5,16,2,2,4,3
11,43,5,7,14,3,3,2,3
11,44,5,9,15,3,3,4,3
11,45,5,11,8,2,2,3,1
11,46,5,12,3,2,5,3,5
11,47,5,13,1,5,5,5,4
11,48,5,17,10,2,2,2,1
11,49,5,18,4,2,4,3,3
11,50,5,19,6,3,2,3,2
11,51,6,1,11,2,5,1,5
11,52,6,3,17,2,2,1,3
11,53,6,4,19,2,2,2,3
11,54,6,6,5,2,4,3,4
11,55,6,8,7,2,3,3,3
11,56,6,10,2,3,2,3,2
11,57,6,14,18,3,3,2,3
11,58,6,15,13,5,4,4,4
11,59,6,16,9,2,2,3,4
11,60,6,20,12,4,2,5,3
11,61,7,1,17,2,5,1,5
11,62,7,2,14,3,4,2,4
11,63,7,4,20,2,2,3,3
11,64,7,5,18,3,2,2,3
11,65,7,6,16,2,4,4,4
11,66,7,7,12,4,3,5,3
11,67,7,8,15,3,3,4,3
11,68,7,11,3,2,2,3,1
11,69,7,13,9,2,5,3,4
11,70,7,19,10,2,2,2,2
11,71,8,3,1,5,2,5,3
11,72,8,9,2,3,3,3,3
11,73,8,10,8,2,2,3,2
11,74,8,12,6,3,5,3,5
11,75,8,14,4,2,3,3,3
11,76,8,15,5,2,4,3,4
11,77,8,16,7,2,2,3,4
11,78,8,17,11,2,2,1,1
11,79,8,18,19,2,4,2,3
11,80,8,20,13,5,2,4,3
11,81,9,1,12,5,5,5,5
11,82,9,2,3,2,4,3,4
11,83,9,4,10,2,3,2,3
11,84,9,5,20,2,3,3,3
11,85,9,6,15,3,4,4,4
11,86,9,7,18,4,2,2,3
11,87,9,8,9,2,2,3,3
11,88,9,11,16,3,2,4,1
11,89,9,13,17,2,5,1,4
11,90,9,19,14,3,2,2,2
11,91,10,3,13,5,3,4,3
11,92,10,9,4,2,3,3,3
11,93,10,10,11,2,2,1,2
11,94,10,12,5,2,5,3,5
11,95,10,14,6,4,3,3,3
11,96,10,15,1,5,4,5,4
11,97,10,16,19,2,2,2,4
11,98,10,17,8,2,2,3,1
11,99,10,18,2,3,4,3,3
11,100,10,20,7,2,2,3,3
11,101,11,4,3,2,3,3,3
11,102,11,5,13,5,3,4,3
11,103,11,6,1,5,4,5,4
11,104,11,7,9,2,2,3,3
11,105,11,12,2,3,5,3,5
11,106,11,14,11,2,3,1,3
11,107,11,16,15,3,2,4,4
11,108,11,18,10,2,4,2,3
11,109,11,19,8,2,2,3,2
11,110,11,20,17,2,2,1,3
11,111,12,1,16,3,5,4,5
11,112,12,2,7,2,4,3,4
11,113,12,3,5,2,3,3,3
11,114,12,8,4,2,2,3,3
11,115,12,9,20,2,3,3,3
11,116,12,10,14,3,2,2,2
11,117,12,11,6,4,2,3,1
11,118,12,13,18,4,5,2,4
11,119,12,15,19,2,4,2,4
11,120,12,17,12,5,2,5,1
11,121,13,4,11,2,3,1,3
11,122,13,5,17,2,3,1,3
11,123,13,6,2,3,4,3,4
11,124,13,7,15,3,2,4,3
11,125,13,12,13,5,5,4,5
11,126,13,14,8,2,3,3,3
11,127,13,16,10,2,2,2,4
11,128,13,18,9,2,4,3,3
11,129,13,19,1,5,2,5,2
11,130,13,20,3,2,2,3,3
11,131,14,1,14,3,5,2,5
11,132,14,2,4,2,4,3,4
11,133,14,3,18,4,3,2,3
11,134,14,8,20,2,2,3,3
11,135,14,9,5,2,3,3,3
11,136,14,10,7,2,2,3,2
11,137,14,11,19,2,2,2,1
11,138,14,13,16,3,5,4,4
11,139,14,15,12,5,4,5,4
11,140,14,17,6,4,2,3,1
11,141,15,2,17,2,4,1,4
11,142,15,4,15,3,3,4,3
11,143,15,7,13,5,2,4,3
11,144,24,8,12,5,3,5,3
11,145,15,9,1,5,3,5,3
11,146,15,10,3,2,2,3,2
11,147,15,11,5,2,2,3,1
11,148,15,14,16,3,3,4,3
11,149,15,18,6,4,4,3,3
11,150,15,19,20,2,2,3,2
11,151,16,1,8,2,5,3,5
11,152,16,3,19,2,3,2,3
11,153,16,5,7,2,3,3,3
11,154,16,6,4,2,4,3,4
11,155,16,12,9,2,5,3,5
11,156,16,13,14,3,5,2,4
11,157,16,15,11,2,4,1,4
11,158,16,16,2,3,2,3,4
11,159,16,17,18,4,2,2,1
11,160,16,20,10,2,2,2,3
11,161,17,2,13,4,4,4,4
11,162,17,4,16,3,4,4,3
11,163,17,7,1,4,3,5,3
11,164,17,8,6,4,3,3,3
11,165,17,9,17,2,3,1,3
11,166,17,10,15,3,2,4,2
11,167,17,11,20,2,2,3,1
11,168,17,14,3,3,3,3,3
11,169,17,18,12,5,4,5,3
11,170,17,19,5,3,2,3,2
11,171,18,1,10,2,5,2,5
11,172,18,3,7,3,3,3,3
11,173,18,5,4,2,3,3,3
11,174,18,6,9,3,4,3,4
11,175,18,12,11,2,5,1,5
11,176,18,13,8,2,4,3,4
11,177,18,15,2,3,4,3,4
11,178,18,16,18,4,3,2,4
11,179,18,17,19,2,2,2,1
11,180,18,20,14,3,2,2,3
11,181,19,2,5,3,4,3,4
11,182,19,4,1,4,4,5,3
11,183,19,7,17,2,3,1,3
11,184,19,8,16,3,3,4,3
11,185,19,9,3,3,3,3,3
11,186,19,10,6,4,2,3,2
11,187,19,11,13,4,2,4,1
11,188,19,14,15,3,3,4,3
11,189,19,18,20,2,4,3,3
11,190,19,19,12,5,2,5,2
11,191,20,2,11,2,4,1,4
11,192,20,3,8,2,3,3,3
11,193,20,5,1,4,3,5,3
11,194,20,7,6,4,3,3,3
11,195,20,9,10,2,3,2,3
11,196,20,12,14,3,5,2,5
11,197,20,13,19,2,4,2,4
11,198,20,17,4,2,2,3,1
11,199,20,18,15,3,4,4,3
11,200,20,20,16,3,2,4,3
11,201,21,1,18,4,5,2,5
11,202,21,4,13,4,4,4,3
11,203,21,8,2,3,3,3,3
11,204,21,10,5,3,2,3,2
11,205,21,11,7,3,2,3,1
11,206,21,16,12,5,3,5,4
11,207,21,19,9,3,2,3,2
11,208,21,6,3,3,4,3,4
11,209,21,14,17,2,3,1,3
11,210,21,15,20,2,4,3,4
11,211,22,1,2,3,5,3,5
11,212,22,4,12,5,4,5,3
11,213,22,6,20,2,4,3,4
11,214,22,8,18,4,3,2,3
11,215,22,10,13,4,2,4,2
11,216,22,11,9,3,2,3,1
11,217,22,14,5,3,3,3,3
11,218,22,15,3,3,4,3,4
11,219,22,16,17,2,3,1,4
11,220,22,19,7,3,2,3,2
11,221,23,2,19,2,4,2,4
11,222,23,3,16,3,3,4,3
11,223,23,5,8,2,3,3,3
11,224,23,7,4,2,3,3,3
11,225,23,9,14,3,3,2,3
11,226,23,12,10,2,5,2,5
11,227,23,13,6,4,4,3,4
11,228,23,17,15,3,2,4,1
11,229,23,18,11,2,4,1,3
11,230,23,20,1,4,2,5,3
11,231,24,1,13,4,4,4,5
11,232,24,3,12,5,3,5,3
11,233,24,4,18,3,3,2,3
11,234,24,6,19,2,4,2,4
11,235,24,8,11,2,3,1,3
11,236,24,10,17,2,2,1,2
11,237,24,14,7,3,3,3,3
11,238,24,15,9,3,4,3,4
11,239,24,16,5,3,4,3,4
11,240,24,20,2,3,2,3,3
11,241,25,2,10,2,3,2,4
11,242,25,5,6,4,3,3,3
11,243,25,7,8,2,3,3,3
11,244,25,9,16,3,3,4,3
11,245,25,11,1,4,2,5,1
11,246,25,12,20,2,5,3,5
11,247,25,13,15,3,4,4,4
11,248,25,17,3,3,2,3,1
11,249,25,18,14,3,3,2,3
11,250,25,19,4,2,2,3,2
11,251,26,1,19,2,4,2,5
11,252,26,2,6,4,3,3,4
11,253,26,3,20,2,3,3,3
11,254,26,8,14,3,3,2,3
11,255,26,9,7,3,3,3,3
11,256,26,10,18,3,2,2,2
11,257,26,11,4,2,2,3,1
11,258,26,13,12,5,4,5,4
11,259,26,15,16,3,4,4,4
11,260,26,17,5,3,2,3,1
11,261,27,4,8,2,3,3,3
11,262,27,5,3,3,3,3,3
11,263,27,7,2,3,3,3,3
11,264,27,16,1,4,4,5,4
11,265,27,18,13,4,3,4,3
11,266,27,19,11,2,2,1,2
11,267,27,20,9,3,2,3,3
11,268,27,6,17,2,4,1,4
11,269,27,12,15,3,5,4,5
11,270,27,14,10,2,3,2,3
11,271,28,4,2,3,3,3,3
11,272,28,5,9,3,3,3,3
11,273,28,6,11,2,4,1,4
11,274,28,7,10,2,3,2,3
11,275,28,12,17,2,5,1,5
11,276,28,14,1,4,3,5,3
11,277,28,16,13,4,4,4,4
11,278,28,18,3,3,3,3,3
11,279,28,19,15,3,2,4,2
11,280,28,20,8,2,2,3,3
11,281,29,1,6,4,4,3,5
11,282,25,2,12,5,3,5,4
11,283,29,3,4,2,3,3,3
11,284,29,8,19,2,3,2,3
11,285,29,9,18,3,3,2,3
11,286,29,10,16,3,2,4,2
11,287,29,11,14,3,2,2,1
11,288,29,13,5,3,4,3,4
11,289,32,15,7,3,4,3,4
11,290,29,17,20,2,2,3,1
11,291,30,1,9,3,4,3,5
11,292,30,3,10,2,3,2,3
11,293,30,5,2,3,3,3,3
11,294,30,16,14,3,4,2,4
11,295,30,20,19,2,2,2,3
11,296,30,6,18,3,4,2,4
11,297,30,12,8,2,5,3,5
11,298,30,13,11,2,4,1,4
11,299,30,15,4,2,4,3,4
11,300,30,17,7,3,2,3,1
11,301,31,2,16,3,3,4,4
11,302,31,4,6,4,3,3,3
11,303,31,7,5,3,3,3,3
11,304,31,8,1,4,3,5,3
11,305,31,9,12,5,3,5,3
11,306,31,10,20,2,2,3,2
11,307,31,11,15,3,2,4,1
11,308,31,14,13,4,3,4,3
11,309,31,18,17,2,3,1,3
11,310,31,19,3,3,2,3,2
11,311,32,1,4,2,4,3,5
11,312,32,3,9,3,3,3,3
11,313,32,5,11,2,3,1,3
11,314,32,6,10,2,4,2,4
11,315,32,12,19,2,5,2,5
11,316,32,13,7,3,4,3,4
11,317,32,15,14,3,4,2,4
11,318,32,16,8,2,4,3,4
11,319,32,17,2,3,2,3,1
11,320,32,20,18,3,2,2,3
11,321,33,2,15,3,3,4,4
11,322,33,4,5,3,3,3,3
11,323,33,7,3,3,3,3,3
11,324,33,8,13,4,3,4,3
11,325,33,9,6,4,3,3,3
11,326,33,10,1,4,2,5,2
11,327,33,11,12,5,2,5,1
11,328,33,14,20,2,3,3,3
11,329,33,18,16,3,3,4,3
11,330,33,19,17,2,2,1,2
11,331,33,1,7,3,4,3,5
11,332,34,3,14,2,3,2,3
11,333,34,5,19,2,3,2,3
11,334,34,6,8,3,4,3,4
11,335,34,12,18,2,5,2,5
11,336,33,13,2,3,4,3,4
11,337,34,15,10,2,4,2,4
11,338,34,16,4,3,4,3,4
11,339,34,17,9,3,1,3,1
11,340,34,20,11,1,3,1,3
11,341,35,1,3,3,5,3,5
11,342,35,2,9,3,4,3,4
11,343,35,4,14,2,3,2,3
11,344,35,5,15,4,3,4,3
11,345,35,6,12,5,4,5,4
11,346,35,7,16,4,3,4,3
11,347,35,8,10,2,3,2,3
11,348,35,11,17,1,1,1,1
11,349,35,13,20,3,4,3,4
11,350,35,19,18,2,2,2,2
11,351,36,3,2,3,3,3,3
11,352,36,9,8,3,3,3,3
11,353,36,10,4,3,2,3,2
11,354,36,12,1,5,5,5,5
11,355,36,14,19,2,3,2,3
11,356,36,15,6,3,4,3,4
11,357,36,16,11,1,4,1,4
11,358,36,17,13,4,1,4,1
11,359,36,18,7,3,3,3,3
11,360,36,20,5,3,3,3,3
11,361,37,1,15,4,5,4,5
11,362,37,2,18,2,4,2,4
11,363,37,4,9,3,3,3,3
11,364,37,5,12,5,3,5,3
11,365,37,6,14,2,4,2,4
11,366,37,7,20,3,3,3,3
11,367,37,8,17,1,3,1,3
11,368,37,11,10,2,1,2,1
11,369,37,13,3,3,4,3,4
11,370,37,19,16,4,2,4,2
11,371,38,3,11,1,3,1,3
11,372,38,9,13,4,3,4,3
11,373,38,10,19,2,2,2,2
11,374,38,12,7,3,5,3,5
11,375,38,14,2,3,3,3,3
11,376,38,15,8,3,4,3,4
11,377,38,16,6,3,4,3,4
11,378,38,17,1,5,1,5,1
11,379,38,18,5,3,3,3,3
11,380,38,20,4,3,3,3,3
12,1,1,12,4,3,5,3,4
12,2,1,2,15,3,4,3,4
12,3,1,6,10,3,3,3,4
12,4,1,16,5,3,3,3,3
12,5,1,17,19,2,2,2,3
12,6,1,18,3,2,3,1,3
12,7,1,20,13,4,3,4,2
12,8,1,7,8,3,4,3,3
12,9,1,14,1,4,3,4,4
12,10,1,11,9,2,2,3,3
12,11,2,1,11,2,4,2,5
12,12,2,4,20,2,3,1,4
12,13,2,5,2,3,3,3,3
12,14,2,3,17,2,2,2,2
12,15,2,8,16,3,3,3,3
12,16,2,9,6,3,3,3,3
12,17,2,10,14,3,3,3,3
12,18,2,13,18,3,4,3,5
12,19,2,15,12,4,4,3,3
12,20,2,19,7,3,2,3,3
12,21,3,2,8,3,4,3,4
12,22,3,6,13,4,3,4,4
12,23,3,7,10,3,4,3,3
12,24,3,11,15,3,2,3,3
12,25,3,12,1,4,5,4,4
12,26,3,14,3,2,3,1,4
12,27,3,16,19,2,3,2,3
12,28,3,17,5,3,2,3,3
12,29,3,18,4,3,3,3,3
12,30,3,20,9,2,3,3,2
12,31,4,1,16,3,4,3,5
12,32,4,4,6,3,3,3,4
12,33,4,5,7,3,3,3,3
12,34,4,3,12,4,2,3,2
12,35,4,8,17,2,3,2,3
12,36,4,9,2,3,3,3,3
12,37,4,10,11,2,3,2,3
12,38,4,13,14,3,4,3,5
12,39,4,15,20,2,4,1,3
12,40,4,19,18,3,2,3,3
12,41,5,1,13,4,4,4,5
12,42,5,4,15,3,3,3,4
12,43,5,6,18,3,3,3,4
12,44,5,3,16,3,2,3,2
12,45,5,10,5,3,3,3,3
12,46,5,12,9,2,5,3,4
12,47,5,14,7,3,3,3,4
12,48,5,17,2,3,2,3,3
12,49,5,19,8,3,2,3,3
12,50,5,20,11,2,3,2,2
12,51,6,2,10,3,4,3,4
12,52,6,5,14,3,3,3,3
12,53,6,7,6,3,4,3,3
12,54,6,8,12,4,3,3,3
12,55,6,9,19,2,3,2,3
12,56,6,11,4,3,2,3,3
12,57,6,13,3,2,4,1,5
12,58,6,15,1,4,4,4,3
12,59,6,16,17,2,3,2,3
12,60,6,18,20,2,3,1,3
12,61,7,1,19,2,4,2,5
12,62,7,2,3,2,4,1,4
12,63,7,4,10,3,3,3,4
12,64,7,5,13,4,3,4,3
12,65,7,7,12,4,4,3,3
12,66,7,9,8,3,3,3,3
12,67,7,11,18,3,2,3,3
12,68,7,14,17,2,3,2,4
12,69,7,15,16,3,4,3,3
12,70,7,20,6,3,3,3,2
12,71,8,6,15,3,3,3,4
12,72,8,3,11,2,2,2,2
12,73,8,8,4,3,3,3,3
12,74,8,10,1,4,3,4,3
12,75,8,12,14,3,5,3,4
12,76,8,13,9,2,4,3,5
12,77,8,16,7,3,3,3,3
12,78,8,17,20,2,2,1,3
12,79,8,18,2,3,3,3,3
12,80,8,19,5,3,2,3,3
12,81,9,1,8,3,4,3,5
12,82,9,2,13,4,4,4,4
12,83,9,4,16,3,3,3,4
12,84,9,5,12,4,3,3,3
12,85,9,7,17,2,4,2,3
12,86,9,9,18,3,3,3,3
12,87,9,11,19,2,2,2,3
12,88,9,14,6,3,3,3,4
12,89,9,15,10,3,4,3,3
12,90,9,20,3,2,3,1,2
12,91,10,6,11,2,3,2,4
12,92,10,3,1,4,2,4,2
12,93,10,8,5,3,3,3,3
12,94,10,10,20,2,3,1,3
12,95,10,12,2,3,4,3,4
12,96,10,13,4,3,4,3,5
12,97,10,16,14,3,3,3,3
12,98,10,17,9,2,3,3,3
12,99,10,18,7,3,3,3,3
12,100,10,19,15,3,2,3,3
12,101,11,2,4,3,3,3,4
12,102,11,5,15,3,3,3,3
12,103,11,7,20,2,3,1,3
12,104,11,8,6,3,3,3,3
12,105,11,9,10,2,3,3,3
12,106,11,13,12,4,4,3,5
12,107,11,16,11,2,3,2,3
12,108,11,17,1,4,3,4,3
12,109,11,18,14,3,3,3,3
12,110,11,19,3,2,2,1,3
12,111,12,1,18,3,5,3,5
12,112,12,4,19,2,4,2,4
12,113,12,6,5,3,3,3,4
12,114,12,3,7,3,2,3,2
12,115,12,10,17,2,3,2,3
12,116,12,11,2,3,3,3,3
12,117,12,12,16,2,4,3,4
12,118,12,14,9,2,3,3,4
12,119,12,15,13,4,4,4,3
12,120,12,20,8,3,2,3,2
12,121,13,2,20,2,3,1,4
12,122,13,5,3,2,3,1,3
12,123,13,7,1,4,3,4,3
12,124,13,8,14,3,3,3,3
12,125,13,9,15,3,3,3,3
12,126,13,13,11,2,4,2,5
12,127,13,16,6,3,3,3,3
12,128,13,17,4,3,3,3,3
12,129,13,18,10,2,3,3,3
12,130,13,19,12,4,2,3,3
12,131,14,1,5,3,5,3,5
12,132,14,4,9,2,4,3,4
12,133,14,6,2,3,3,3,4
12,134,14,3,8,3,2,3,2
12,135,14,10,13,4,3,4,3
12,136,14,11,7,3,3,3,3
12,137,14,12,17,2,4,2,4
12,138,14,14,19,2,3,2,4
12,139,14,15,18,3,4,3,3
12,140,14,20,16,2,2,3,2
12,141,15,2,1,4,3,4,4
12,142,15,4,7,3,4,3,4
12,143,15,6,19,2,3,2,4
12,144,15,9,16,2,3,3,3
12,145,15,10,8,3,3,3,3
12,146,15,11,12,4,3,3,3
12,147,15,13,17,2,4,2,5
12,148,15,15,3,2,4,1,3
12,149,15,18,5,3,3,3,3
12,150,15,20,14,3,2,3,2
12,151,16,1,20,2,5,1,5
12,152,16,5,11,2,3,2,3
12,153,16,3,10,2,2,3,2
12,154,16,7,9,2,3,3,3
12,155,16,8,13,4,3,4,3
12,156,16,12,6,3,4,3,4
12,157,16,14,4,3,3,3,4
12,158,16,16,18,3,3,3,3
12,159,16,17,15,3,3,3,3
12,160,16,19,2,3,2,3,3
12,161,17,2,14,3,3,3,4
12,162,17,4,3,2,4,1,4
12,163,17,6,17,2,3,2,4
12,164,17,9,1,4,3,4,3
12,165,17,10,16,2,3,3,3
12,166,17,11,8,3,3,3,3
12,167,17,13,19,2,4,2,5
12,168,17,15,7,3,4,3,3
12,169,17,18,12,4,3,3,3
12,170,17,20,5,3,2,3,2
12,171,18,1,6,3,5,3,5
12,172,18,5,4,3,3,3,3
12,173,18,3,9,2,2,3,2
12,174,18,7,2,3,3,3,3
12,175,18,8,18,3,3,3,3
12,176,18,12,20,2,4,1,4
12,177,18,14,15,3,3,3,4
12,178,18,16,13,4,3,4,3
12,179,18,17,11,2,3,2,3
12,180,18,19,10,2,2,3,3
12,181,19,1,2,3,5,3,5
12,182,19,5,18,3,3,3,3
12,183,19,3,15,3,2,3,2
12,184,19,7,4,3,3,3,3
12,185,19,8,10,2,3,3,3
12,186,19,12,11,2,4,2,4
12,187,19,14,20,2,3,1,4
12,188,19,16,9,2,3,3,3
12,189,19,17,13,4,3,4,3
12,190,19,19,6,3,2,3,3
12,191,20,2,16,2,3,3,4
12,192,20,4,1,4,4,4,4
12,193,20,6,3,2,3,1,4
12,194,20,9,5,3,3,3,3
12,195,20,10,12,4,3,3,3
12,196,20,11,14,3,3,3,3
12,197,20,13,7,3,4,3,5
12,198,20,15,8,3,4,3,3
12,199,20,18,17,2,3,2,3
12,200,20,20,19,2,2,2,2
12,201,21,1,12,4,5,3,5
12,202,21,4,18,3,4,3,4
12,203,21,5,17,2,3,2,3
12,204,21,3,14,3,2,3,2
12,205,21,8,2,3,3,3,3
12,206,21,9,20,2,3,1,3
12,207,21,10,7,3,3,3,3
12,208,21,13,6,3,4,3,5
12,209,21,15,11,2,4,2,3
12,210,21,19,16,2,2,3,3
12,211,22,2,9,2,3,3,4
12,212,22,6,4,3,3,3,4
12,213,22,7,5,3,3,3,3
12,214,22,11,10,2,3,3,3
12,215,22,12,3,2,4,1,4
12,216,22,14,13,4,3,4,4
12,217,22,16,1,4,3,4,3
12,218,22,17,8,3,3,3,3
12,219,22,18,19,2,3,2,3
12,220,22,20,15,3,2,3,2
12,221,23,1,14,3,5,3,5
12,222,23,4,12,4,4,3,4
12,223,23,5,16,2,3,3,3
12,224,23,3,18,3,2,3,2
12,225,23,8,7,3,3,3,3
12,226,23,9,11,2,3,2,3
12,227,23,10,6,3,3,3,3
12,228,23,13,20,2,4,1,5
12,229,23,15,2,3,4,3,3
12,230,23,19,17,2,2,2,3
12,231,24,2,5,3,3,3,4
12,232,24,6,9,2,3,3,4
12,233,24,7,19,2,3,2,3
12,234,24,11,1,4,3,4,3
12,235,24,12,15,3,4,3,4
12,236,24,14,10,2,3,3,4
12,237,24,16,8,3,3,3,3
12,238,24,17,3,2,3,1,3
12,239,24,18,13,4,3,4,3
12,240,24,20,4,3,2,3,2
12,241,25,1,17,2,5,2,5
12,242,25,4,2,3,4,3,4
12,243,25,6,8,3,3,3,4
12,244,25,3,19,2,2,2,2
12,245,25,10,9,2,3,3,3
12,246,25,11,16,2,3,3,3
12,247,25,12,13,4,4,4,4
12,248,25,14,18,3,3,3,4
12,249,25,15,5,3,4,3,3
12,250,25,20,7,3,2,3,2
12,251,26,2,6,3,3,3,4
12,252,26,5,1,4,3,4,3
12,253,26,7,11,2,3,2,3
12,254,26,8,3,2,3,1,3
12,255,26,9,4,3,3,3,3
12,256,26,13,10,2,4,3,5
12,257,26,16,20,2,3,1,3
12,258,26,17,12,4,3,3,3
12,259,26,18,15,3,3,3,3
12,260,26,19,14,3,2,3,3
12,261,27,2,11,2,3,2,4
12,262,27,5,6,3,3,3,3
12,263,27,7,3,2,3,1,3
12,264,27,8,20,2,3,1,3
12,265,27,9,14,3,3,3,3
12,266,27,13,15,3,4,3,5
12,267,27,16,12,4,3,3,3
12,268,27,17,10,2,3,3,3
12,269,27,18,1,4,3,4,3
12,270,27,19,4,3,2,3,3
12,271,28,1,7,3,5,3,5
12,272,28,4,17,2,4,2,4
12,273,28,6,16,2,3,3,4
12,274,28,3,5,3,2,3,2
12,275,28,10,18,3,3,3,3
12,276,28,11,13,4,3,4,3
12,277,28,12,19,2,4,2,4
12,278,28,14,8,3,3,3,4
12,279,28,15,9,2,4,3,3
12,280,28,20,2,3,2,3,2
12,281,29,2,7,3,3,3,4
12,282,29,4,5,3,4,3,4
12,283,29,6,1,4,3,4,4
12,284,29,9,3,2,3,1,3
12,285,29,10,19,2,3,2,3
12,286,29,11,17,2,3,2,3
12,287,29,13,16,2,4,3,5
12,288,29,15,14,3,4,3,3
12,289,29,18,8,3,3,3,3
12,290,29,20,12,4,2,3,2
12,291,30,1,9,3,5,3,5
12,292,30,5,20,2,4,1,3
12,293,30,3,4,3,2,3,2
12,294,30,7,15,3,4,3,3
12,295,30,8,11,2,3,2,3
12,296,30,12,18,3,4,3,4
12,297,30,14,2,3,4,3,4
12,298,30,16,10,2,3,3,3
12,299,30,17,6,3,4,3,3
12,300,30,19,13,4,2,4,3
12,301,31,2,19,2,4,2,4
12,302,31,4,14,3,3,3,4
12,303,31,6,12,3,3,3,4
12,304,31,9,7,3,3,3,3
12,305,31,10,3,1,3,1,3
12,306,31,11,5,3,3,3,3
12,307,36,13,8,3,5,3,5
12,308,31,15,17,2,4,2,3
12,309,31,18,16,2,3,3,3
12,310,26,20,1,4,2,4,2
12,311,32,1,4,3,5,3,5
12,312,32,5,9,3,4,3,3
12,313,32,3,6,3,2,3,2
12,314,32,7,13,4,4,4,3
12,315,32,8,15,3,3,3,3
12,316,32,12,10,2,4,3,4
12,317,32,14,11,2,4,2,4
12,318,32,16,2,3,3,3,3
12,319,32,17,18,3,4,3,3
12,320,32,19,20,2,2,1,3
12,321,33,2,17,2,4,2,4
12,322,33,5,10,2,4,3,3
12,323,33,7,14,3,4,3,3
12,324,33,8,19,2,3,2,3
12,325,33,9,12,3,3,3,3
12,326,33,11,20,2,3,1,3
12,327,33,13,1,4,5,4,5
12,328,33,15,4,3,4,3,3
12,329,33,16,3,1,3,1,3
12,330,33,18,6,3,3,3,3
12,331,34,1,15,3,5,3,5
12,332,33,4,11,2,3,2,4
12,333,33,6,7,3,3,3,4
12,334,33,3,13,4,2,4,2
12,335,34,10,2,3,3,3,3
12,336,34,12,8,3,4,3,4
12,337,34,14,5,3,4,3,4
12,338,34,17,16,2,4,3,3
12,339,34,19,9,3,2,3,3
12,340,34,20,18,3,2,3,2
12,341,35,1,10,2,5,3,5
12,342,35,2,18,3,4,3,4
12,343,35,4,8,3,3,3,4
12,344,35,5,19,2,4,2,3
12,345,35,7,16,2,4,3,3
12,346,35,9,13,4,3,4,3
12,347,35,11,3,1,3,1,3
12,348,35,14,12,3,4,3,4
12,349,35,15,6,3,4,3,3
12,350,35,20,17,2,2,2,2
12,351,36,6,20,2,3,1,4
12,352,36,3,2,3,2,3,2
12,353,36,8,9,3,3,3,3
12,354,36,10,4,3,3,3,3
12,355,36,12,7,3,4,3,4
12,356,36,13,5,3,5,3,5
12,357,36,16,15,3,3,3,3
12,358,36,17,14,3,4,3,3
12,359,36,18,11,2,3,2,3
12,360,36,19,1,4,2,4,3
12,361,37,1,3,1,5,1,5
12,362,37,2,12,3,4,3,4
12,363,37,4,13,4,3,4,4
12,364,37,5,8,3,4,3,3
12,365,37,7,18,3,4,3,3
12,366,37,9,17,2,3,2,3
12,367,37,11,6,3,3,3,3
12,368,37,14,16,2,4,3,4
12,369,37,15,19,2,4,2,3
12,370,37,20,10,2,2,3,2
12,371,38,6,14,3,3,3,4
12,372,38,3,20,2,2,1,2
12,373,38,8,1,4,3,4,3
12,374,38,10,15,3,3,3,3
12,375,38,12,5,3,4,3,4
12,376,38,13,2,3,5,3,5
12,377,38,16,4,3,3,3,3
12,378,38,17,7,3,4,3,3
12,379,38,18,9,3,3,3,3
12,380,38,19,11,2,2,2,3
